Title|Place of publication|Date range of issues|Only one issue?|Primary Language|Secondary language|Format (print/microfilm|Condition|Periodical/Newspaper|Priority (L/M/H)|Plans for digitization|Alt title|Notes
Abruzzo-Molise|Rochester, NY (previously published in Pueblo, CO)|1926; microfilm: 1918-1923, 1926||ita||M||N||||
L'Adunata dei Refrattari |New York, NY|1922-1971||ita|eng|P||N|||Gathering of the Recalcitrants|
L'Agenda |Brooklyn, NY|1971-1980, 1985||ita|eng,ita,|P||N|||The Agenda; previously titled The National Italian American News|
Alba Nuova |New York, NY|1921, 1922||ita|eng|P||N|||The New Dawn|
Albania|New York, NY|1936, 1938-1939||ita||P||N||||
America|St|1942-1943||ita|eng,|P||N||||
The American Citizen |Des Moines, IA|1923-1924, 1926-1972||ita|eng,|P||N|||previously titled Il Risveglio|
The American Citizen|Memphis, TN|1934||ita|eng,|P||N||||
The American Citizen|Omaha, NE|1937, 1952, 1975, 1977-date||ita||P||N||||
L'Araldo |Cleveland, OH|1948||ita|eng|P||N|||The Herald|
L'Araldo Italiano |New York, NY|1912-1914||ita|ita,eng|P||N|||The Italian Herald|
L'Ascesa del Proletariato |Scranton, PA (previously published in Wilkes-Barre, PA)|1908-1910; microfilm: 1908-1910||ita|eng|M||N|||The Rise of the Proletariat|
L'Asino |New York, NY|1908-1910||ita|eng|P||N|||The Donkey|
L'Aurora |Paterson, NJ|1899-1930); microfilm: 1899-1930||ita|eng|M||N|||The Dawn|
L'Avvenire |Steubenville, OH|1910); microfilm: 1910||ita|eng|M||N|||The Future|
L'Avvenire |New York, NY|1916-1917); microfilm: 1916-1917||ita|eng|M||N|||The Future|
L'Avvenire |Utica, NY|1900-1905); microfilm: 1900-1905||ita|eng|M||N|||The Future|
L'Azione |New York, NY|1941-1942||ita|eng|P||N|||Action|
Il Bollettino |New York, NY|1945-1951||ita|eng|P||N|||Bulletin|
Bollettino della Sera |New York, NY|1923||ita|eng|P||N|||Evening Bulletin; merged with Il Popolo|
Bollettino dello Sciopero dei Sarti |Chicago, IL|1910); microfilm: 1910||ita|eng|M||N|||The Tailors' Strike Bulletin|
The Boston Free Press|Boston, MA|1960-1967||ita|eng,|P||N||||
The Bulletin|Middletown, CT|1948-1949||ita|eng,|P||N||||
La Calabria |New York, NY|1938||ita|eng|P||N|||Calabria|
La Capitale |Sacramento, CA|1938||ita|eng|P||N|||Capital|
The Challenge|New York, NY|1970-1974||ita|eng,|P||N||||
Il Cittadino |New York, NY|1916; microfilm: 1915-1919||ita|eng|M||N|||The Citizen|
The Colorado Leader|Denver, CO|1974-date||ita|eng,|P||N||||
Columbus|Denver, CO|1928-1929||ita||P||N||||
Il Commerciante Italiano |New York, NY|1936, 1938||ita|ita,eng|P||N|||The Italian Merchant|
The Connecticut Italian Bulletin|Hartford, CT|1972-1974||ita|eng,ita,|P||N||||
La Cooperazione |Barre, VT|1911); microfilm: 1911||ita|eng|M||N|||Cooperation|
Corriere Commerciale |New York, NY|1936||ita|eng|P||N|||Commercial Courier|
Corriere d'America |New York, NY|1923-1940||ita|eng|P||N|||American Courier|
Il Corriere del Berkshire |Pittsfield, MA|1969-1974||ita|eng|P||N|||The Berkshire Courier|
Il Corriere di Chicago |Chicago, IL|1907, 1917); microfilm: 1907, 1917||ita|eng|M||N|||The Chicago Messenger|
Corriere Canadese |Toronto, Ontario, Canada|1964-1971||ita|eng|P||N|||Canadian Courier|
Corriere de Trinidad |Trinidad, CO|1919, 1934, 1941||ita|eng,|P||N|||Trinidad Courier|
Il Corriere del Popolo |Pueblo, CO), San Francisco, CA|1935-1936, 1938-1940, 1942-1945, 1947-1954, 1957-1959, 1961-1962, 1965; microfilm: 1916-1962||ita|eng|M||N|||The People's Messenger; absorbed L'Unione|
Corriere del Wisconsin |Milwaukee, WI|1927||ita|eng,|P||N|||Wisconsin Courier|
Corriere Illustrato |Toronto, Ontario, Canada|1964-1969||ita|eng,|P||N|||Illustrated Courier|
Corriere Illustrato Il Tempo |The Times; included as a supplement to Corriere Illustrato), Rome, Italy|1965-1968||ita|eng|P||N|||Illustrated Courier|
Il Corriere Italiano |Milwaukee, WI|1938-1940||ita|ita,eng|P||N|||The Italian Courier|
Corriere Libertario |Barre, VT|1914-1915); microfilm: 1914-1915||ita|eng|M||N|||The Libertarian Courier|
Corriere Siciliano |New York, NY|1938||ita|eng|P||N|||Sicilian Courier|
Il Crociato |Brooklyn, NY|1962-1973||ita|eng,|P||N|||The Crusader|
La Cronaca Illustrata |New York, NY|1945||ita|eng|P||N|||The Illustrated Chronicle|
Cronaca Sovversiva |Lynn, MA|1903-1919, 1933); microfilm: 1903-1919, 1933||ita|eng|M||N|||The Subversive Chronicle|
Il Diritto |New York, NY|1918-1919); microfilm: 1918-1919||ita|eng|M||N|||The Right|
La Donna Italiana |New York, NY|1937-1938||ita|ita,eng|P||N|||The Italian Woman|
The Echo |Providence, RI|1961, 1965-1968, 1971, 1974, 1978, 1984-1985, 1987-date||ita|eng,ita,|P||N|||previously titled The Italian Echo|
L'Eco d'Italia |Los Angeles, CA), San Francisco, CA|1968-1970, 1974||ita|eng|P||N|||Echo of Italy; merged with L'Italo-Americano|
Return to Top ||||ita||P||N||||
L'Eco d'Italia |New York, NY|1862-1894); microfilm: 1862-1894||ita|eng|M||N|||Echo of Italy|
L'Era Nuova |Paterson, NJ|1908-1909); microfilm: 1908-1909||ita|eng|M||N|||New Age|
La Fiaccola |Buffalo, NY|1909-1912); microfilm: 1909-1912||ita|eng|M||N|||The Torch|
Florida Italian Bulletin|Fort Lauderdale, FL|1973-1974||ita|eng,ita,|P||N||||
La Follia di New York |New York, NY|1907-1911, 1914-1924, 1926-1928, 1934-1954; microfilm: 1907-1911, 1914-1924, 1926-1928, 1934-1946||ita|eng,|M||N|||The New York Folly|
The Forum|Baltimore, MD|1973-1988||ita|eng,|P||N||||
Forze Nuove |Downsview, Ontario, Canada|1976||ita|eng,|P||N|||New Forces|
Fra Noi |Chicago, IL|1960-date||ita|eng,|P||N|||Between Us|
La Frusta |Denver, CO|1920-1922||ita|eng,|P||N|||The Whip|
La Gazzetta |Windsor, Ontario, Canada|1979-date||ita|eng,|P||N|||The Gazette|
La Gazzetta Italiana |Salt Lake City, UT|1913||ita|ita,eng|P||N|||The Italian Gazette|
Gazzetta Italiana |Seattle, WA|1947-1952||ita|ita,eng|P||N|||Italian Gazette|
Gazzetta del Massachusetts |Boston, MA|1903-1905, 1907-1911, 1915-1960); microfilm: 1903-1905, 1907-1911, 1915-1960||ita|eng|M||N|||Massachusetts Gazette|
Il Gazzettino |Boston, MA|1929||ita|eng|P||N|||The Little Gazette|
Germinal! Messina|Italy|1906); microfilm: 1906||ita||M||N||||
Il Giornale di Chicago |Chicago, IL|1916); microfilm: 1916||ita|eng|M||N|||The Chicago Journal|
Il Giornale Italiano |New York, NY|1910-1912||ita|ita,eng|P||N|||The Italian Journal|
Il Giornale di Toronto |Toronto, Ontario, Canada|1967; microfilm: 1967-1975||ita|eng,|M||N|||The Toronto Journal|
Giornale L'Italia |San Francisco, CA|1908||ita|eng|P||N|||Italy Journal|
Giovinezza |Boston, MA|1924||ita|eng|P||N|||Youth|
Giuseppe Garibaldi|Philadelphia, PA|1907); microfilm: 1907||ita||M||N||||
Giustizia |Jersey City, NJ (New York, NY)|1930-1935, 1938, 1957-1958, 1968, 1974; microfilm: 1919-1946||ita|eng|M||N|||Justice|
La Giustizia |Reggio Emilia, Italy|1954||ita|eng|P||N|||Justice|
La Giustizia |Rome, Italy|1954||ita|eng|P||N|||Justice|
La Gogna |Kensington, IL|1909; microfilm: 1909||ita|eng|M||N|||The Pillory|
Golden Lion|Bethpage, NY|1964-1965, 1970-1995, 2004-2005||ita|eng,|P||N||||
Grand Ledger|Flint, MI|1983-1987||ita|eng,|P||N||||
Il Grido del Popolo |Denver, CO|1907||ita|eng|P||N|||The Cry of the People|
Il Grido della Folla |Milan, Italy|1905; microfilm: 1905||ita|eng|M||N|||The Cry of the Crowd|
Il Grido della Folla |New York, NY|1916); microfilm: 1916||ita|eng|M||N|||The Cry of the Crowd|
Il Grido della Stirpe |New York, NY|1923-1925, 1934-1936, 1940||ita|eng|P||N|||The Cry of the Ancestry|
Hill 2000|St|1973-1984||ita|eng,|P||N||||
Incontro |Boston, MA|1972-1976||ita|eng|P||N|||Meeting|
L'Independente |Hancock, MI|1917||ita|eng|P||N|||The Independent|
L'Internazionale |Boston, MA|1917); microfilm: 1917||ita|eng|M||N|||The International|
Intesa Libertaria |New York, NY|1939||ita|eng|P||N|||Libertarian Alliance|
Iron County News |Hurley, WI|; microfilm:1904-1950||ita|eng,|M||N|||previously titled La Nostra Terra|
L'Italia |Chicago, IL|1957, 1959-1960, 1963; microfilm: 1886-1899, 1901-1918||ita|eng|M||N|||Italy|
L'Italia Letteraria |New York, NY|1908||ita|eng|P||N|||Literary Italy|
L'Italia Libera |New York, NY|1943, 1945-1946||ita|eng|P||N|||Free Italy|
L'Italia Nostra |Brooklyn, NY|1915-1916); microfilm: 1915-1916||ita|eng|M||N|||Our Italy|
Italian-American Digest|New Orleans, LA|1981-1982||ita|eng,ita,|P||N||||
The Italian Bulletin|Hartford, CT|1978, 1980-1981||ita|eng,ita,|P||N||||
The Italian News|Boston, MA|1921-1923, 1925-1965||ita|eng,ita,|P||N||||
The Italian Observer|Rome, Italy|1948||ita|eng,ita,|P||N||||
Italian Press|Utica, NY|1930-1931); microfilm: 1930-1931||ita|eng,ita,|M||N||||
The Italian Times|Milwaukee, WI|1979-1980, 1982-1984, 1986-date||ita|eng,ita,|P||N||||
Italian Tribune News |NJ|1941-1957, 1965-1974||ita|eng,ita,|P||N|||previously titled Italian Tribune|
The Italian Tribune of America |Detroit, MI|1965-1970||ita|eng,ita,|P||N|||previously titled La Tribuna Italiana de America|
The Italian Weekly|Rochester, NY|1947-1949||ita|ita,|P||N||||
L'Italiano |Denver, CO|1912||ita|ita,eng|P||N|||The Italian|
L'Italo-Americano |New Orleans, LA|1899); microfilm: 1899||ita|eng,ita,|M||N|||The Italian American|
L'Italo-Americano |San Francisco, CA|1957, 1959, 1962-1965, 1967-1970, 1974, 1978-1980, 1982-date||ita|ita,eng|P||N|||The Italian American; merged with L'Eco d'Italia|
Italo-American Times|Bronx, NY|1964-1977||ita|eng,|P||N||||
Il Lavoratore |Chicago, IL|1924; microfilm: 1924-1925||ita|eng|M||N|||The Worker|
Il Lavoratore |New York, NY|1924-1927||ita|eng|P||N|||The Worker|
Il Lavoratore |Toronto, Ontario, Canada|1935-1938); microfilm: 1935-1938||ita|eng|M||N|||The Worker|
Il Lavoratore del Mare |New York, NY|1945-1946||ita|eng|P||N|||The Seaman|
Il Lavoratore Italiano |Pittsburg, KS|1908-1909; microfilm: 1906-1928||ita|ita,eng|M||N|||The Italian Worker|
Il Lavoratore Italiano |Trinidad, CO|1904||ita|ita,eng|P||N|||The Italian Worker|
Return to Top ||||ita||P||N||||
Il Lavoro |New York, NY|1922-1924; microfilm: 1917-1932||ita|eng|M||N|||Labor|
La Legione |New York, NY|1942-1943||ita|eng|P||N|||The Legion|
Il Leone |San Francisco, CA|1969-1978; microfilm: 1929-1930, 1932, 1934-1988||ita|eng|M||N|||The Lion|
La Libera Parola |Philadelphia, PA|1923, 1940-1941, 1945-1949||ita|eng,|P||N|||Free Word|
Il Libertario |La Spezia, Italy|1903, 1905; microfilm: 1903||ita|eng|M||N|||The Libertarian|
The Lion's Roar|Cleveland, OH|1974-1986||ita|eng,|P||N||||
La Lotta |New York, NY|1909; microfilm: 1909||ita|eng|M||N|||The Struggle|
Lotta di Classe |New York, NY|1927; microfilm: 1912, 1914-1918||ita|eng|M||N|||Class Struggle|
La Luce |Utica, NY|La Luce Il Pensiero), Utica, NY; microfilm: 1901-1921||ita|eng|M||N|||The Light; title varies: La Luce Il Pensiero|
Le Madonie|Castelbuono, Italy|1950-1953||ita||P||N||||
Il Martello |New York, NY|Jan||ita|eng|M||N|||The Hammer|
Mastro Paolo |Philadelphia, PA|1903); microfilm: 1903||ita|eng|M||N|||Master Paolo|
Il Messaggero |Utica, NY|1925||ita|eng|P||N|||The Messenger|
Il Messaggiero dell'Ordine |Utica, NY|1936-1948); microfilm: 1936-1948||ita|eng|M||N|||The Messenger|
The Messenger |Il Messaggero), Kansas City, KS|1926-1965); microfilm: 1926-1965||ita|eng,|M||N|||previously titled Il Piccolo Messaggero|
Il Minatore Italiano |Laurium and Calumet, MI|1915-1916); microfilm: 1915-1916||ita|ita,eng|M||N|||The Italian Miner|
Il Mondo |New York, NY|1941||ita|eng,|P||N|||The World|
Il Movimento |Chicago, IL |1916); microfilm: 1916||ita|eng|M||N|||The Movement|
Nazioni Unite |New York, NY|1940, 1943-1946||ita|eng,|P||N|||The United Nations|
Northwest Italian News|Seattle, WA|1970-1971, 1973, 1977-1988; microfilm: 1961-1988||ita|eng,ita,|M||N||||
La Notizia |Boston, MA|1950; microfilm: 1916-1918||ita|eng|M||N|||The News|
La Nuova Capitale |Trenton, NJ|1969-1975||ita|eng|P||N|||The New Capital|
Il Nuovo Mondo |New York, NY|1927, 1931||ita|eng|P||N|||The New World|
Il Nuovo Vessillo |New York, NY|1923, 1925, 1944||ita|eng|P||N|||The New Flag|
'O Scugnizzo |New York, NY|1938||ita|eng|P||N|||Little Rascal|
L'Operaia |New York, NY|1913-1919); microfilm: 1913-1919||ita|eng|M||N|||The Working Woman|
L'Operaio Italiano |Paris, France|1935-1936, 1938-1939||ita|ita,eng|P||N|||The Italian Worker|
L'Opinione della Domenica |Philadelphia, PA|1916-1918); microfilm: 1916-1918||ita|eng|M||N|||The Sunday Opinion|
Ordine Figli d'Italia in America Bollettino Ufficiale |New York, NY|1916-1917; microfilm: 1918, 1920||ita|eng|M||N|||Official Bulletin of the Order Sons of Italy in America; changed to magazine format in 1922|
Ordine Nuovo |New York, NY|1941||ita|eng,|P||N|||The New Order|
Ordine Nuovo |Philadelphia, PA|1936-1941, 1946-1947, 1957||ita|eng|P||N|||The New Order|
OSIA News |Order Sons of Italy in America), Webster and Worcester, MA|1948, 1952, 1972-1988; microfilm: 1947-1971||ita|eng,|M||N|||official organ of the Supreme Lodge|
Il Paese |Philadelphia, PA|1939-1940||ita|eng|P||N|||The Country|
La Parola |New York, NY (previously published in Chicago, IL)|1922, 1933, 1936, 1938-1940||ita|eng|P||N|||The Word; title changes to La Parola del Popolo (The Word of the People|
La Parola degli Italiani in America |Los Angeles, CA|1938, 1940-1941||ita|ita,eng|P||N|||The Word of the Italians in America|
La Parola dei Socialisti |Chicago, IL|1908-1911, 1913||ita|eng|P||N|||The Socialists' Word|
La Parola Proletaria |Chicago, IL|1916-1917); microfilm: 1916-1917||ita|eng|M||N|||The Proletarian Word|
Il Pensiero |St|1926, 1929, 1933, 1943, 1947, 1952, 1974-date||ita|eng,|P||N|||The Thought|
Il Pensiero Italiano |1927), Utica, NY|1914-1929); microfilm: 1914-1929||ita|eng,ita,|M||N|||Italian Thought; title changes to La Colonia|
La Plebe |Philadelphia, PA|1907-1908); microfilm: 1907-1908||ita|eng|M||N|||The Populace|
Il Popolo |New York, NY|1922, 1938||ita|eng,|P||N|||The People|
Il Popolo |Philadelphia, PA|1905-1906; microfilm: 1905-1906||ita|ita,eng|M||N|||The People; Italian Independent Newspaper|
Il Popolo Italiano |Atlantic City, NJ (previously published in Philadelphia,† PA)|1939, 1947, 1958, 1963-1966, 1969-date||ita|eng,ita,|P||N|||The Italian People|
Post Gazette |Boston, MA|1903-1905, 1907-1911, 1915-1960); microfilm: 1903-1905, 1907-1911, 1915-1960||ita|eng,|M||N|||supersedes La Gazetta del Massachusetts|
Il Progresso Italo-Americano |New York, NY|1915-1930, 1932-1934, 1943, 1947-1951, 1961, 1965-1966, 1969-1977, 1979, 1981-1982||ita|ita,eng|P||N|||Italian-American Progress|
Il Proletario |Boston, MA|1918); microfilm: 1918||ita|eng|M||N|||The Proletarian|
Il Proletario |Chicago, IL (previously published in New York, NY)|La Difesa; Il Nuovo Proletario), Chicago, IL (previously published in New York, NY); microfilm: 1899-1946||ita|eng|M||N|||The Proletarian; title varies: La Difesa; Il Nuovo Proletario|
Return to Top ||||ita||P||N||||
La Propaganda |Chicago, IL|1908); microfilm: 1908||ita|eng|M||N|||Propaganda|
La Questione Sociale |Paterson, NJ|1895-1916); microfilm: 1895-1916||ita|eng|M||N|||The Social Question|
Il Ribelle |New York, NY|||ita|eng|P||N|||The Rebel|
Il Rinnovamento |Nyack, NY|1925||ita|eng|P||N|||The Renewal|
Il Riscatto |Chicago, IL|1914); microfilm: 1914||ita|eng|M||N|||Redemption|
Il Risveglio |Denver, CO|1906-1911, 1914-1915, 1917, 1920-1924, 1927-1936, 1938-1939, 1941, 1949; microfilm: 1915-1917||ita|eng|M||N|||The Awakening|
Il Risveglio |Dunkirk, NY|1935-1938||ita|eng|P||N|||The Awakening|
Roma |Denver, CO|1908-1910, 1913-1915, 1921||ita|eng|P||N|||Rome|
La Scopa |Paterson, NJ|1926-1928); microfilm: 1926-1928||ita|eng|M||N|||The Broom|
Secolo Nuovo |San Francisco, CA|1903); microfilm: 1903||ita|eng|M||N|||New Century|
La Sentinella |Bridgeport, CT|1940, 1947||ita|eng|P||N|||The Sentry|
Il Sole |Toronto, Ontario, Canada|1970||ita|eng|P||N|||The Sun|
Il Sole Illustrato |Toronto, Ontario, Canada|1970||ita|eng|P||N|||The Illustrated Sun; merger of Il Sole and Corriere Illustrato|
Sons of Italy Herald|Cherry Hill, NJ|1974, 1976-1977, 1980-1988||ita|eng,|P||N||||
Sons of Italy News|Boston, MA|1929||ita||P||N||||
Sons of Italy Times|Philadelphia, PA|1964-date; microfilm: 1960-1965, 1967-1974||ita|eng,|M||N||||
La Stampa |Salt Lake City, UT|1926||ita|eng,|P||N|||The Press|
La Stampa Libera |New York, NY|1931-1938||ita|eng|P||N|||The Free Press|
La Stampa Unita |Rochester, NY|1923-1933); microfilm: 1923-1933||ita|eng|M||N|||The United Press|
La Stella |Utica, NY|1932-1933); microfilm: 1932-1933||ita|eng,|M||N|||The Star|
Sunshine News|St|1971, 1973-1974, 1981||ita|eng,|P||N||||
Lo Svegliarino |Seattle, WA|1959-1962, 1965-1968; microfilm: 1947-1961||ita|eng,|M||N|||The Little Alarm Clock|
La Terra |Stockton, CA|1907); microfilm: 1907||ita|eng|M||N|||The Earth|
La Tribuna |Stamford, CT|1947, 1950-1952||ita|eng|P||N|||The Tribune|
La Tribuna del Popolo |Boston, MA|1915); microfilm: 1915||ita|eng|M||N|||The People's Tribune|
La Tribuna del Popola |and La Tribuna Italiana del Michigan), Detroit, MI|1947-1952, 1970-1977; microfilm: 1909-1911, 1913-1921, 1923-1969||ita|ita,eng|M||N|||The People's Tribune; previously titled La Tribuna Italiana d'America|
La Tribuna di Utica |Utica, NY|1912); microfilm: 1912||ita|eng|M||N|||The Utica Tribune|
La Tribuna Italiana |Milwaukee, WI|1941-1967); microfilm: 1941-1967||ita|eng,ita,|M||N|||The Italian Tribune|
La Tribuna Italiana Transatlantica |Chicago, IL|1907, 1923||ita|ita,eng|P||N|||The Transatlantic Italian Tribune|
Il Tribuno |Newark, NJ|1908); microfilm: 1908||ita|eng|M||N|||The Tribune|
The Trumpet |Denver, CO|1935-1942||ita|eng,|P||N|||La Tromba|
Unione |Pittsburgh, PA|1972||ita|eng|P||N|||Union|
L'Unione |Pueblo, CO|1907-1908, 1014, 1922, 1924-1926, 1934-1935, 1937-1938, 1940-1947; microfilm: 1897-1900, 1916-1917, 1921-1927, 1931-1934||ita|eng|M||N|||Union|
L'Unione Mondiale |Rome, Italy|1947||ita|eng|P||N|||The Worldwide Union|
L'Unità Operaia |1938), New York, NY|1935-1938||ita|eng|P||N|||Working-class Unity; continues as a serial|
L'Unità del Popolo |New York, NY|1939-1949; microfilm: 1940-1951||ita|eng,|M||N|||Unity of the People|
University Press |Des Moines, IA|1936-1969||ita|eng,|P||N|||previously titled The West Des Moines Press|
Vaco 'e Pressa |New York, NY|1935||ita|eng|P||N|||In a Hurry|
Il Vallo |Salerno, Italy|1947||ita|eng|P||N|||The Rampart|
La Vera Redenzione |Bridgeport, CT|1917); microfilm: 1917||ita|eng|M||N|||The True Redemption|
Il Vesuvio |Philadelphia, PA|1896); microfilm: 1896||ita|eng|M||N|||Vesuvius|
Il Vindice |Pueblo, CO|1907-1909, 1911, 1913-1915, 1917, 1919-1920, 1922-1924, 1927-1928||ita|eng,|P||N|||The Avenger; changes to magazine in 1927|
Vita Nuova |Rock Springs, WY|1908-1909||ita|eng|P||N|||New Life|
La Vittoria |New York, NY|||ita|eng|P||N|||Victory|
La Vittoria |Toronto, Ontario, Canada|1942-1943); microfilm: 1942-1943||ita|eng,|M||N|||Victory|
La Voce |Newington, CT (Harwinton, CT)|1973-1974||ita|eng,|P||N|||The Voice|
La Voce |Rincón, Argentina|1956||ita|eng|P||N|||The Voice|
La Voce del Popolo |Dearborn, MI|1964, 1969-1970||ita|eng,|P||N|||The Voice of the People|
La Voce del Popolo |San Francisco, CA|1868-1905); microfilm: 1868-1905||ita|eng|M||N|||The Voice of the People|
La Voce del Popolo Italiano |Cleveland, OH|1909-1922); microfilm: 1909-1922||ita|eng,ita,|M||N|||The Voice of the Italian People|
La Voce della Colonia |Philadelphia, PA|1896); microfilm: 1896||ita|eng|M||N|||The Voice of the Colony|
La Voce dell'Emigrante |Kansas City, MO|1915||ita|eng,|P||N|||The Voice of the Emigrant|
La Voce degli Italo-Canadesi |Toronto, Ontario, Canada|1938-1940); microfilm: 1938-1940||ita|ita,eng|M||N|||The Voice of Italian Canadians|
La Voce d'Italia |Brooklyn, NY|1947||ita|eng|P||N|||The Voice of Italy|
La Voce Indipendente |Philadelphia, PA|1938||ita|eng|P||N|||The Independent Voice|
La Voce Italiana |Paterson, NJ|1982-date||ita|ita,eng|P||N|||The Italian Voice|
Voce Italiana |Washington, DC|1975-1986||ita|eng,ita,|P||N|||Italian Voice|
Voce Libertarià |New York, NY|||ita|eng|P||N|||Libertarian Voice|
The Voice of Italy|New York, NY|1935-1936||ita|eng,|P||N||||
